id,cuisine
19693,russian
42043,brazilian
17482,indian
15735,korean
46262,italian
12697,vietnamese
39589,vietnamese
40974,japanese
8049,mexican
46,indian
19664,spanish
11627,mexican
21246,italian
13274,spanish
46902,indian
21963,korean
12285,moroccan
25493,brazilian
29977,jamaican
7863,jamaican
3876,brazilian
34731,brazilian
47740,jamaican
16123,korean
11008,moroccan
27835,jamaican
40507,filipino
18173,chinese
23175,greek
22746,brazilian
30483,jamaican
27431,filipino
43306,southern_us
16273,brazilian
8037,filipino
26691,indian
30997,spanish
16227,greek
13988,spanish
21412,cajun_creole
13355,indian
40417,southern_us
15868,korean
41048,korean
11428,korean
27243,jamaican
6782,jamaican
47077,moroccan
49482,southern_us
26645,moroccan
43719,moroccan
14149,brazilian
27277,moroccan
42644,japanese
24756,jamaican
10608,southern_us
33489,brazilian
24895,jamaican
42552,spanish
2333,korean
9141,filipino
11711,brazilian
35390,jamaican
4891,russian
18182,jamaican
9963,italian
24380,brazilian
29817,japanese
37301,jamaican
36225,russian
40804,korean
44213,greek
1768,russian
17380,thai
19193,russian
32013,brazilian
35606,greek
7684,mexican
25228,thai
1543,southern_us
15840,greek
42574,russian
8114,brazilian
15730,spanish
17672,korean
33643,jamaican
28216,russian
8595,japanese
8414,french
49071,korean
45028,russian
38809,italian
45698,russian
45087,greek
35516,greek
34513,moroccan
38079,moroccan
195,indian
8895,brazilian
19756,jamaican
37043,japanese
40655,spanish
9651,spanish
36975,korean
38185,spanish
28113,greek
1744,jamaican
5404,moroccan
48774,jamaican
29319,korean
40158,indian
29578,italian
43818,french
31646,spanish
14031,mexican
24300,jamaican
12860,spanish
48596,italian
24742,brazilian
41214,korean
33939,brazilian
1529,russian
35267,filipino
25401,jamaican
41889,cajun_creole
5537,mexican
3849,thai
2035,mexican
38971,brazilian
13938,irish
20830,jamaican
16452,spanish
31990,spanish
44249,mexican
6464,cajun_creole
11778,mexican
5955,greek
29860,filipino
26882,vietnamese
24442,greek
35955,moroccan
7391,brazilian
22462,filipino
14561,brazilian
8085,greek
49415,russian
12013,korean
29685,filipino
35551,indian
13202,italian
9994,vietnamese
1357,moroccan
38034,greek
46674,jamaican
6798,vietnamese
4842,vietnamese
10199,korean
15377,spanish
46457,indian
23573,brazilian
19230,irish
31254,spanish
23733,french
17444,brazilian
43938,cajun_creole
38129,russian
49639,jamaican
47542,mexican
38602,russian
16515,spanish
3236,southern_us
25136,french
22849,vietnamese
10135,brazilian
38956,greek
9608,korean
20769,jamaican
5296,filipino
32980,brazilian
25966,russian
4395,jamaican
29510,jamaican
533,cajun_creole
46416,jamaican
32031,jamaican
36658,brazilian
18594,jamaican
35388,indian
25093,mexican
11453,jamaican
24225,spanish
11248,korean
18190,filipino
6575,moroccan
33835,jamaican
1080,brazilian
17341,chinese
1571,jamaican
42915,russian
25329,irish
10690,korean
20119,russian
27706,russian
18557,korean
38242,russian
13116,indian
44965,cajun_creole
46934,italian
48436,jamaican
49459,thai
1673,greek
22131,southern_us
36147,mexican
34132,russian
21743,brazilian
22985,spanish
11947,brazilian
11724,thai
2705,brazilian
19515,jamaican
13074,jamaican
7625,french
19766,korean
26680,brazilian
42779,brazilian
27611,russian
7753,filipino
41241,chinese
11074,brazilian
3966,russian
8,russian
30818,filipino
26252,russian
29393,russian
31006,filipino
12377,italian
17228,irish
17082,irish
27928,mexican
14790,moroccan
37342,vietnamese
39834,brazilian
16036,indian
19214,cajun_creole
33554,jamaican
26617,korean
6722,greek
29531,korean
3380,french
44243,brazilian
6766,french
11179,cajun_creole
13394,russian
46494,indian
39844,jamaican
36836,korean
21191,jamaican
48406,irish
46665,brazilian
27447,brazilian
37361,jamaican
4600,russian
19493,moroccan
9326,korean
43284,moroccan
46058,jamaican
36909,spanish
49313,thai
26390,moroccan
32499,spanish
11748,moroccan
6470,filipino
18654,jamaican
29545,filipino
1579,british
20654,russian
6461,korean
20168,brazilian
18987,korean
612,jamaican
34939,korean
2921,irish
27619,filipino
21481,indian
17766,spanish
33481,cajun_creole
25772,vietnamese
22630,russian
48644,irish
46838,jamaican
6910,filipino
40768,vietnamese
5842,filipino
18250,jamaican
11146,jamaican
33186,mexican
18220,moroccan
25813,spanish
35763,korean
24233,russian
43747,russian
28248,korean
3379,vietnamese
8641,spanish
37149,cajun_creole
15504,jamaican
25888,vietnamese
32230,filipino
32403,filipino
31326,jamaican
9112,moroccan
35642,jamaican
3631,italian
27032,jamaican
19222,brazilian
37512,spanish
21284,moroccan
29039,italian
25921,korean
16535,french
31516,southern_us
19748,jamaican
26096,chinese
24694,italian
29846,british
25057,russian
21444,mexican
39913,vietnamese
328,cajun_creole
17204,brazilian
24103,vietnamese
7969,filipino
24868,cajun_creole
43760,cajun_creole
25848,italian
4676,filipino
7197,jamaican
17566,spanish
28350,spanish
42207,spanish
42718,russian
12636,spanish
952,russian
24297,brazilian
15721,spanish
11412,russian
24596,irish
37826,french
44838,spanish
30283,french
9611,greek
5402,italian
42302,brazilian
32141,brazilian
626,spanish
25109,brazilian
33239,jamaican
19474,greek
38327,japanese
44858,greek
27487,korean
29598,cajun_creole
29220,italian
13290,brazilian
37479,indian
20703,filipino
13029,irish
15281,italian
16624,jamaican
31064,italian
19954,russian
8811,cajun_creole
33497,jamaican
6779,russian
29908,moroccan
16257,jamaican
25012,southern_us
15665,korean
8950,brazilian
39627,italian
45142,brazilian
7799,jamaican
37497,korean
30079,brazilian
23201,filipino
39122,british
11341,vietnamese
13275,vietnamese
43470,brazilian
42218,spanish
47329,jamaican
1517,brazilian
35075,jamaican
12497,jamaican
14044,southern_us
35148,moroccan
9637,filipino
29010,russian
38751,indian
28095,moroccan
9581,vietnamese
22240,vietnamese
10268,jamaican
15743,brazilian
48695,indian
44233,russian
47130,thai
25479,japanese
6050,jamaican
28161,greek
8354,korean
37948,filipino
22764,indian
9984,irish
13336,irish
32292,moroccan
38810,greek
45478,irish
20356,indian
24794,jamaican
18256,vietnamese
15470,cajun_creole
18488,korean
38848,spanish
44772,cajun_creole
6434,irish
7172,moroccan
49098,brazilian
20144,italian
39124,southern_us
35287,moroccan
25166,mexican
36256,moroccan
1641,moroccan
23361,filipino
7793,italian
33263,spanish
42760,jamaican
31463,spanish
39347,russian
48561,cajun_creole
24048,cajun_creole
16500,jamaican
39137,moroccan
35199,moroccan
33669,korean
26174,moroccan
42156,jamaican
36958,mexican
4975,spanish
14295,indian
11598,russian
34038,italian
26515,cajun_creole
49547,russian
47895,spanish
3597,brazilian
43386,filipino
755,korean
22450,brazilian
42498,italian
6537,brazilian
38663,jamaican
44600,irish
33373,vietnamese
6592,chinese
13644,japanese
15978,spanish
46092,brazilian
29737,vietnamese
27097,brazilian
3162,cajun_creole
40480,spanish
34820,filipino
23183,spanish
11939,spanish
19238,mexican
16735,italian
28080,mexican
15828,irish
22215,spanish
37712,korean
7864,cajun_creole
17639,vietnamese
22664,jamaican
43197,vietnamese
10337,greek
2755,italian
38050,southern_us
47868,mexican
44167,cajun_creole
32541,jamaican
40312,moroccan
43208,jamaican
9214,korean
42177,korean
29138,greek
40745,filipino
11227,brazilian
3178,filipino
33510,russian
42848,moroccan
8687,thai
16104,russian
13946,greek
1141,irish
6367,jamaican
43098,korean
4329,jamaican
46809,korean
25065,french
21817,southern_us
18088,jamaican
14002,korean
5303,jamaican
21559,korean
6676,vietnamese
11027,brazilian
6772,filipino
45591,jamaican
38407,filipino
4225,jamaican
10969,spanish
31955,indian
46681,british
23763,jamaican
18375,mexican
20495,jamaican
35949,italian
14589,filipino
28072,irish
48694,filipino
10419,jamaican
30502,brazilian
18588,mexican
19763,jamaican
27642,indian
40220,french
1476,moroccan
35013,mexican
4745,brazilian
3044,russian
43734,irish
27306,korean
3789,filipino
27232,cajun_creole
46654,greek
34255,irish
14197,italian
49534,italian
29974,british
19744,russian
32024,russian
48022,spanish
25675,jamaican
16373,russian
41166,cajun_creole
21442,filipino
7116,japanese
1421,spanish
36474,italian
46896,russian
34677,russian
31403,korean
31752,jamaican
23483,russian
17733,mexican
5740,jamaican
9761,russian
699,indian
11926,french
32352,russian
28078,irish
22593,indian
6974,brazilian
26146,greek
49451,southern_us
5729,korean
12145,moroccan
10400,mexican
11677,french
38923,moroccan
27851,moroccan
7018,vietnamese
2756,brazilian
11718,brazilian
29642,russian
15722,korean
5358,korean
28386,brazilian
3493,mexican
48031,brazilian
17371,brazilian
13905,moroccan
9474,spanish
13067,mexican
43882,spanish
9027,filipino
10027,french
13803,russian
35052,vietnamese
1343,vietnamese
44482,jamaican
23389,british
14046,filipino
6906,russian
2985,greek
14876,moroccan
41903,irish
30747,korean
37240,italian
27299,british
25521,mexican
3250,russian
47169,mexican
29131,italian
13540,korean
46909,cajun_creole
36927,moroccan
22147,jamaican
17390,chinese
2934,brazilian
44826,chinese
9716,irish
27951,mexican
40320,irish
26536,korean
46571,moroccan
16316,italian
40721,mexican
33362,moroccan
20546,korean
1164,korean
10571,indian
4578,vietnamese
18176,brazilian
28138,moroccan
9315,korean
29636,vietnamese
43685,brazilian
44385,jamaican
43953,jamaican
35527,jamaican
18508,vietnamese
28671,british
14339,jamaican
47782,moroccan
13132,brazilian
5107,moroccan
18855,russian
16013,french
49431,greek
48484,filipino
44931,cajun_creole
13443,brazilian
33462,russian
31906,chinese
34538,vietnamese
48684,brazilian
5609,vietnamese
11935,korean
42193,irish
31502,korean
7363,italian
21049,jamaican
23682,brazilian
11631,moroccan
16782,moroccan
1391,korean
29699,jamaican
48623,french
37908,spanish
8753,irish
13547,british
34908,jamaican
14319,korean
1249,cajun_creole
6525,japanese
38791,russian
19577,korean
40475,british
49414,spanish
41817,spanish
17296,brazilian
3611,spanish
35237,irish
1066,jamaican
48568,jamaican
12236,brazilian
27759,korean
9359,brazilian
34585,british
38605,korean
31920,brazilian
21804,jamaican
2691,irish
42360,greek
44441,brazilian
39349,russian
23555,irish
12976,jamaican
9517,cajun_creole
44881,vietnamese
3956,mexican
7196,korean
9888,jamaican
28730,korean
22320,filipino
14998,korean
21950,cajun_creole
35477,jamaican
12030,korean
18495,jamaican
13790,jamaican
22869,jamaican
32275,jamaican
3298,brazilian
42904,jamaican
33717,moroccan
29523,russian
38741,spanish
20911,french
38893,vietnamese
26404,spanish
40583,jamaican
37650,vietnamese
22766,southern_us
25161,jamaican
11766,moroccan
3319,brazilian
28229,jamaican
34610,jamaican
13404,vietnamese
45519,irish
33028,brazilian
10211,british
40567,british
35668,brazilian
12688,spanish
7581,indian
25805,japanese
30513,jamaican
39485,brazilian
43975,brazilian
37643,korean
12237,italian
25658,filipino
4499,cajun_creole
14057,jamaican
6828,russian
9629,jamaican
31911,greek
22634,jamaican
48826,southern_us
39910,greek
39142,jamaican
2627,irish
4309,jamaican
13158,korean
29838,brazilian
20526,korean
28033,korean
33822,thai
40791,filipino
4399,french
5607,russian
163,greek
7346,cajun_creole
30104,jamaican
46861,cajun_creole
23837,mexican
20019,brazilian
3527,korean
17108,moroccan
17561,korean
43314,greek
45039,vietnamese
860,brazilian
17540,mexican
34722,moroccan
31727,spanish
906,brazilian
27871,indian
33727,irish
22476,cajun_creole
8615,korean
19113,greek
29874,russian
32468,southern_us
26288,irish
45626,brazilian
24576,italian
48765,thai
34808,russian
34467,moroccan
6671,jamaican
23633,cajun_creole
3405,jamaican
37496,spanish
14438,jamaican
11510,cajun_creole
24349,moroccan
42440,russian
12640,greek
35881,korean
11859,jamaican
45353,korean
8445,greek
5939,moroccan
33709,russian
16413,brazilian
20261,filipino
10996,cajun_creole
37109,russian
3443,thai
40559,russian
19004,korean
46311,jamaican
6361,italian
32475,spanish
45263,jamaican
12386,filipino
17995,mexican
17061,cajun_creole
37947,moroccan
4868,jamaican
29803,russian
44665,chinese
4656,jamaican
6605,greek
11327,russian
42439,indian
29662,italian
3923,italian
30196,jamaican
45354,mexican
14013,brazilian
3195,filipino
16010,mexican
15424,russian
21168,greek
41717,filipino
6482,spanish
5473,irish
32202,moroccan
14938,cajun_creole
26411,moroccan
23931,cajun_creole
15899,filipino
13568,korean
2070,moroccan
27035,french
48219,korean
32763,korean
14289,british
1826,korean
34108,jamaican
7693,jamaican
47398,jamaican
6597,japanese
22724,french
29219,brazilian
15079,cajun_creole
13848,cajun_creole
13619,russian
34167,jamaican
23940,russian
39612,vietnamese
14104,spanish
16824,korean
22954,spanish
65,greek
48958,brazilian
4210,brazilian
2023,brazilian
44137,russian
23332,brazilian
9860,moroccan
45302,thai
1245,russian
11646,mexican
6433,cajun_creole
21119,brazilian
26431,brazilian
7251,indian
13226,cajun_creole
37422,british
44856,jamaican
36116,spanish
16890,brazilian
20324,japanese
1683,greek
31772,filipino
23518,greek
42950,russian
21148,greek
24477,moroccan
581,moroccan
26186,italian
48044,irish
7417,chinese
17197,moroccan
26125,chinese
12957,filipino
13529,spanish
30715,korean
7769,korean
200,russian
37979,russian
19899,indian
29302,spanish
44162,southern_us
49038,russian
40643,moroccan
21929,spanish
4613,brazilian
43239,russian
11574,vietnamese
24206,brazilian
21400,moroccan
17275,brazilian
31458,indian
46853,mexican
30076,italian
10910,moroccan
48518,filipino
36308,brazilian
36482,thai
42560,french
19412,mexican
2805,british
14232,southern_us
40128,vietnamese
17870,korean
24244,russian
34018,japanese
911,jamaican
24055,cajun_creole
43457,vietnamese
13309,jamaican
12483,moroccan
39160,french
25596,jamaican
28417,cajun_creole
22337,jamaican
5282,brazilian
2748,korean
20301,moroccan
34123,korean
19478,brazilian
40209,jamaican
42845,moroccan
45278,spanish
3519,jamaican
1393,korean
24866,jamaican
21289,jamaican
31055,moroccan
10459,greek
47446,jamaican
45729,brazilian
3157,korean
21837,japanese
23109,russian
38847,irish
40152,mexican
14734,mexican
24197,brazilian
27010,british
38571,korean
25131,jamaican
25464,cajun_creole
4615,jamaican
49363,brazilian
34180,brazilian
25026,spanish
5544,greek
32179,vietnamese
20649,moroccan
29765,irish
42019,mexican
47391,spanish
15708,brazilian
26684,british
39852,spanish
48131,korean
41540,greek
9052,russian
44954,brazilian
1847,greek
24374,brazilian
20820,brazilian
17621,moroccan
44882,moroccan
2435,korean
43501,brazilian
27922,cajun_creole
42579,british
22019,vietnamese
6481,thai
29268,french
13266,jamaican
21091,mexican
27490,spanish
47872,jamaican
4435,spanish
4081,indian
43770,moroccan
2502,brazilian
43639,korean
19640,korean
19255,mexican
20040,vietnamese
9912,korean
38322,brazilian
17943,mexican
24274,british
27121,moroccan
4609,moroccan
37445,british
3411,brazilian
17751,brazilian
48292,mexican
31078,vietnamese
46735,brazilian
2433,irish
20329,vietnamese
48367,brazilian
30699,greek
35719,jamaican
12358,filipino
39801,southern_us
24461,jamaican
5887,russian
40109,japanese
23437,italian
31223,brazilian
2289,russian
26005,vietnamese
2454,moroccan
11844,korean
14742,jamaican
22139,greek
31868,moroccan
25537,mexican
44260,russian
32632,chinese
35179,french
25336,indian
2806,jamaican
25823,jamaican
22026,indian
47220,indian
27853,british
29464,greek
14210,russian
34336,indian
19250,russian
38419,jamaican
17528,cajun_creole
1586,spanish
5593,indian
48865,jamaican
25923,moroccan
30319,greek
41924,moroccan
29027,jamaican
47299,jamaican
28996,greek
46961,irish
21081,southern_us
8840,moroccan
3388,italian
16410,japanese
84,moroccan
4335,moroccan
4757,korean
33533,chinese
8546,french
20404,mexican
26409,italian
20920,moroccan
2865,italian
15807,mexican
1715,british
9216,spanish
20115,jamaican
47519,irish
38459,spanish
21206,jamaican
36406,jamaican
2822,jamaican
48487,cajun_creole
42309,irish
31031,filipino
104,chinese
45857,spanish
33581,greek
28303,french
291,italian
20439,vietnamese
10541,korean
6816,jamaican
49539,mexican
29413,russian
7348,jamaican
25032,korean
37426,irish
17191,brazilian
45084,indian
21729,russian
15301,british
20608,vietnamese
8223,cajun_creole
16479,filipino
23166,brazilian
33913,brazilian
19977,mexican
28079,irish
16632,moroccan
43556,korean
43442,russian
17454,korean
37728,spanish
16784,vietnamese
17921,filipino
32455,russian
39514,jamaican
7240,thai
16221,indian
4152,russian
44262,mexican
28027,russian
27164,mexican
34060,filipino
39765,brazilian
4918,southern_us
36478,korean
15488,brazilian
37738,cajun_creole
23967,jamaican
42593,italian
41822,brazilian
13765,mexican
40636,vietnamese
31243,jamaican
31093,russian
16119,filipino
15239,japanese
22470,greek
1515,jamaican
33105,vietnamese
49637,southern_us
47767,jamaican
46089,russian
5698,vietnamese
39410,korean
48220,french
43134,korean
11734,brazilian
10472,vietnamese
9387,thai
23767,russian
43211,cajun_creole
4515,cajun_creole
20838,chinese
14421,moroccan
6823,irish
4802,filipino
38405,korean
14632,russian
28529,moroccan
35615,russian
40370,moroccan
34263,vietnamese
168,british
5380,mexican
43064,indian
23688,korean
13589,mexican
25196,russian
658,southern_us
13598,russian
34415,korean
33403,russian
10963,filipino
999,cajun_creole
10315,jamaican
21676,mexican
13026,cajun_creole
45189,moroccan
13854,southern_us
35886,chinese
42720,korean
8158,japanese
10663,chinese
46532,british
38154,cajun_creole
17577,greek
40055,jamaican
30967,brazilian
32226,korean
29329,irish
45304,japanese
21380,moroccan
18237,brazilian
16801,thai
17044,vietnamese
10729,greek
29300,russian
1829,russian
40407,jamaican
46669,irish
26681,jamaican
47961,korean
33231,indian
35269,moroccan
19595,jamaican
18201,italian
35108,moroccan
6028,jamaican
34608,irish
41431,british
19418,brazilian
39786,jamaican
13849,vietnamese
14422,brazilian
532,korean
18861,spanish
43779,jamaican
4263,jamaican
17868,moroccan
6063,vietnamese
48140,filipino
1153,irish
25445,mexican
22809,filipino
28905,korean
25609,moroccan
12875,italian
2221,korean
23872,moroccan
22747,spanish
36604,russian
30202,russian
10449,greek
45777,russian
30576,thai
45613,filipino
3106,mexican
31405,moroccan
30573,greek
37195,cajun_creole
32239,japanese
13601,spanish
5333,chinese
4774,brazilian
41791,french
39394,vietnamese
38713,russian
45397,mexican
20914,moroccan
24886,irish
37796,korean
10699,french
22357,thai
17633,russian
46399,jamaican
32409,moroccan
14778,korean
18756,mexican
25750,jamaican
44270,french
42293,russian
10769,filipino
38487,spanish
33002,russian
5812,jamaican
28971,cajun_creole
24825,indian
47469,moroccan
33779,jamaican
33556,cajun_creole
14352,brazilian
15668,korean
7522,irish
42512,russian
35086,greek
18781,moroccan
39233,korean
47718,british
40501,mexican
11493,jamaican
21216,irish
39390,russian
48135,spanish
4493,russian
10953,moroccan
28654,korean
25147,spanish
45438,jamaican
27313,italian
47873,greek
26297,british
26432,irish
3787,jamaican
41888,korean
7683,jamaican
5207,korean
11764,vietnamese
29199,vietnamese
14141,jamaican
25417,russian
17076,cajun_creole
49443,thai
13145,cajun_creole
30424,chinese
44364,moroccan
33679,jamaican
21157,jamaican
10782,russian
45726,mexican
45023,filipino
42626,greek
46244,korean
43884,mexican
38410,jamaican
8369,moroccan
7814,greek
19114,greek
13531,jamaican
38800,brazilian
46038,russian
10864,jamaican
32405,mexican
21992,korean
41113,thai
11036,russian
38664,korean
40502,jamaican
9596,cajun_creole
21712,french
36652,brazilian
34181,spanish
37044,french
19754,filipino
9466,moroccan
10164,indian
14324,mexican
2274,moroccan
23729,jamaican
24423,jamaican
44547,moroccan
28609,moroccan
12489,jamaican
33778,jamaican
46925,greek
15754,japanese
46456,korean
28454,jamaican
21160,mexican
17342,russian
9785,italian
23805,indian
2798,cajun_creole
6771,korean
45357,filipino
26723,jamaican
17858,indian
45171,cajun_creole
9705,moroccan
33020,filipino
31827,jamaican
2712,mexican
43349,moroccan
36216,greek
47458,brazilian
20930,brazilian
47114,brazilian
15506,greek
31689,korean
17118,chinese
40287,mexican
17033,jamaican
22720,korean
22618,mexican
37719,russian
28715,cajun_creole
46463,brazilian
27850,russian
49503,cajun_creole
23615,moroccan
40904,moroccan
35491,cajun_creole
6102,jamaican
49043,irish
30373,moroccan
43081,brazilian
13920,brazilian
32010,moroccan
33467,indian
13232,greek
31644,cajun_creole
22853,japanese
7643,mexican
17773,mexican
48249,jamaican
42141,french
10362,spanish
1252,moroccan
29191,russian
21602,brazilian
24740,jamaican
42777,filipino
41500,thai
41858,filipino
8137,southern_us
3977,irish
13888,jamaican
30716,southern_us
11897,jamaican
16096,jamaican
20718,greek
15698,mexican
9755,irish
1931,russian
16311,indian
40394,cajun_creole
29539,thai
23032,jamaican
27461,brazilian
46827,cajun_creole
39909,brazilian
12783,jamaican
7653,british
29383,mexican
34017,jamaican
33946,brazilian
11189,indian
10082,russian
10221,cajun_creole
21218,moroccan
33605,greek
20946,brazilian
39000,spanish
39442,russian
39319,vietnamese
21844,british
19579,jamaican
6230,moroccan
49691,thai
33929,korean
20687,mexican
16279,brazilian
24401,cajun_creole
9990,jamaican
15166,italian
34918,moroccan
40231,mexican
10182,mexican
39624,brazilian
12644,british
48639,french
22329,southern_us
10081,russian
42861,greek
8644,cajun_creole
5797,southern_us
6837,irish
8025,greek
11582,russian
45919,brazilian
8815,brazilian
27580,moroccan
7705,french
20379,spanish
36423,russian
2228,greek
46029,spanish
9870,italian
44844,filipino
37464,russian
1174,greek
38508,korean
1818,filipino
29807,moroccan
43703,korean
9783,chinese
15846,mexican
40403,jamaican
1775,jamaican
43857,cajun_creole
6737,cajun_creole
4086,moroccan
5690,korean
28778,moroccan
34146,french
30588,italian
30755,mexican
15562,russian
5258,spanish
39955,indian
21643,spanish
37266,moroccan
22807,brazilian
1619,korean
6850,jamaican
20886,greek
24787,moroccan
20903,jamaican
20059,jamaican
41071,russian
44654,indian
13333,italian
26145,korean
37761,moroccan
7982,vietnamese
26870,brazilian
29533,vietnamese
3998,brazilian
14779,korean
6389,russian
35793,korean
5280,brazilian
43933,spanish
25746,brazilian
417,jamaican
17802,mexican
18317,cajun_creole
11161,indian
46069,russian
14700,cajun_creole
21136,cajun_creole
1276,filipino
43030,jamaican
37498,cajun_creole
23749,greek
12343,jamaican
29312,korean
18765,moroccan
45791,cajun_creole
14111,korean
46505,brazilian
49238,korean
17312,cajun_creole
16173,korean
9281,spanish
36295,moroccan
43590,jamaican
36329,moroccan
47010,greek
31262,irish
2269,jamaican
41785,filipino
5695,spanish
2724,italian
36305,moroccan
41446,french
909,russian
43761,moroccan
40234,jamaican
33741,filipino
13486,korean
4548,vietnamese
14443,indian
45555,russian
13563,british
14403,southern_us
36136,mexican
47988,korean
43497,filipino
42444,moroccan
24779,russian
4355,japanese
44763,moroccan
32204,moroccan
21494,moroccan
27381,jamaican
5769,filipino
19219,russian
10259,greek
23277,cajun_creole
34529,indian
36025,french
33192,italian
31174,cajun_creole
28577,thai
19383,brazilian
228,brazilian
13975,russian
3088,vietnamese
24824,russian
38060,moroccan
42387,irish
2468,filipino
44033,cajun_creole
21595,cajun_creole
27665,mexican
7840,mexican
31966,jamaican
40098,spanish
29110,chinese
43036,brazilian
49650,moroccan
47896,brazilian
35071,spanish
15831,russian
29293,greek
23282,brazilian
25900,spanish
28989,jamaican
17003,indian
20388,greek
25178,greek
23580,filipino
33308,indian
2267,british
640,greek
6614,thai
42941,jamaican
39984,moroccan
26941,spanish
27060,greek
37236,mexican
20302,french
43294,french
270,korean
18467,mexican
42185,mexican
39742,jamaican
36236,vietnamese
43483,cajun_creole
21105,moroccan
34260,filipino
5838,brazilian
49570,brazilian
1649,brazilian
10272,irish
9752,jamaican
32117,jamaican
8947,brazilian
44938,french
42291,thai
2286,greek
20399,spanish
32895,jamaican
10210,mexican
39212,vietnamese
8107,brazilian
39264,chinese
14844,russian
21058,russian
20238,vietnamese
21003,brazilian
25025,korean
37454,greek
11683,korean
6145,moroccan
15371,chinese
4876,spanish
5290,japanese
22269,french
26816,brazilian
29763,brazilian
19099,cajun_creole
32792,cajun_creole
22325,indian
9446,russian
46839,korean
24437,jamaican
23681,japanese
29631,brazilian
32185,cajun_creole
25022,spanish
6228,spanish
1729,filipino
15101,vietnamese
42283,italian
40182,southern_us
39475,brazilian
3161,moroccan
33019,vietnamese
38902,brazilian
9014,cajun_creole
14805,british
12654,korean
45342,moroccan
32304,mexican
476,irish
43367,british
10141,korean
16725,mexican
38178,greek
41114,moroccan
47355,korean
7857,italian
20923,cajun_creole
4113,brazilian
39700,chinese
37467,spanish
16261,moroccan
37073,brazilian
3618,cajun_creole
23661,jamaican
20506,russian
7471,indian
27435,russian
62,irish
3357,thai
24783,korean
41872,italian
15887,jamaican
39529,indian
39631,british
26124,korean
31325,korean
46540,filipino
35273,cajun_creole
4314,filipino
34045,vietnamese
30754,spanish
49062,jamaican
48485,jamaican
44067,moroccan
31207,greek
37352,brazilian
6226,moroccan
15288,jamaican
9295,vietnamese
46475,indian
639,indian
43607,filipino
48558,jamaican
24965,cajun_creole
14785,vietnamese
26100,jamaican
38414,moroccan
34316,russian
47507,cajun_creole
3407,jamaican
41597,cajun_creole
46048,korean
5422,jamaican
23333,filipino
24345,filipino
6808,russian
37332,filipino
38632,jamaican
36240,brazilian
11410,moroccan
17160,moroccan
27371,irish
24640,russian
15902,cajun_creole
43165,spanish
29124,jamaican
25234,southern_us
17146,jamaican
9447,italian
43901,british
12653,korean
11948,jamaican
18238,moroccan
20542,greek
7654,russian
35312,filipino
16714,russian
1666,filipino
30666,filipino
15339,jamaican
42782,brazilian
180,greek
8110,cajun_creole
26292,italian
27696,japanese
17578,spanish
15849,spanish
17818,brazilian
40989,russian
26788,french
7762,indian
31447,french
49621,vietnamese
5225,cajun_creole
13774,irish
27594,brazilian
20731,greek
46085,mexican
44258,southern_us
12083,korean
8921,moroccan
422,korean
10249,thai
2779,greek
12778,greek
7486,british
4995,french
38207,cajun_creole
10292,chinese
38913,russian
1483,vietnamese
9477,spanish
43240,russian
28688,moroccan
16260,russian
36843,spanish
42590,brazilian
42350,russian
29132,indian
10956,jamaican
18917,jamaican
1007,moroccan
12835,mexican
37628,irish
31315,indian
1167,vietnamese
30234,french
17538,irish
6476,jamaican
22508,korean
31791,jamaican
19958,korean
2297,moroccan
36098,filipino
33356,french
32841,jamaican
35261,cajun_creole
38329,jamaican
29735,british
29320,russian
29700,moroccan
34073,moroccan
20622,jamaican
15013,chinese
6607,brazilian
44704,brazilian
44941,korean
39790,brazilian
31397,moroccan
30819,jamaican
13842,spanish
25164,french
26772,russian
17327,italian
39642,french
19686,brazilian
37188,italian
24879,vietnamese
19596,russian
37059,spanish
30145,vietnamese
40238,mexican
17293,jamaican
49351,mexican
18637,korean
40040,irish
6663,filipino
28924,brazilian
11557,indian
5263,russian
43380,southern_us
32936,jamaican
47202,korean
48701,jamaican
16089,korean
49686,moroccan
48242,mexican
27620,russian
33509,mexican
15561,moroccan
17695,korean
45739,filipino
15148,jamaican
8208,greek
39839,filipino
3750,italian
8922,russian
4374,chinese
18857,vietnamese
11635,jamaican
42187,jamaican
16968,vietnamese
43262,italian
4063,brazilian
24186,indian
22577,moroccan
3627,greek
31290,moroccan
24660,vietnamese
3776,brazilian
36674,brazilian
10452,cajun_creole
11377,cajun_creole
14237,southern_us
10322,jamaican
35241,greek
11978,brazilian
47108,spanish
1373,russian
39057,moroccan
18482,cajun_creole
19305,russian
15216,greek
9839,russian
33453,jamaican
8665,moroccan
47609,thai
21777,irish
38307,moroccan
25503,italian
33196,russian
37739,filipino
24340,jamaican
16075,spanish
38545,moroccan
19045,greek
12171,korean
31956,vietnamese
13545,british
47098,spanish
13111,french
42600,vietnamese
4135,korean
37847,thai
37510,cajun_creole
36618,french
17183,russian
35951,greek
48062,japanese
37136,moroccan
12723,indian
29602,japanese
39221,russian
6625,chinese
20478,russian
46719,russian
21877,indian
31927,italian
14704,cajun_creole
29303,russian
49087,korean
1704,british
13875,french
6027,russian
42999,chinese
27138,indian
33858,mexican
8169,korean
9978,irish
15614,french
42224,brazilian
41417,british
47152,brazilian
35775,vietnamese
32069,filipino
16989,jamaican
32042,japanese
23156,korean
2160,cajun_creole
12973,jamaican
3177,russian
17688,cajun_creole
32398,brazilian
19859,cajun_creole
3499,italian
46760,cajun_creole
34605,mexican
7533,brazilian
44011,chinese
16169,vietnamese
40517,southern_us
880,chinese
31349,thai
5575,greek
6474,korean
48651,russian
31804,korean
19870,moroccan
27386,french
17141,greek
36752,moroccan
10241,brazilian
11969,brazilian
21018,french
15518,greek
20445,cajun_creole
11247,russian
5989,filipino
2288,russian
8631,mexican
40879,french
7230,mexican
30376,korean
10719,moroccan
44154,mexican
24268,brazilian
31895,moroccan
14657,filipino
22246,moroccan
6245,vietnamese
29077,korean
47678,jamaican
43683,korean
43632,spanish
32127,mexican
4318,jamaican
8696,japanese
18471,japanese
4347,spanish
27118,moroccan
44363,russian
45850,korean
20973,korean
12394,jamaican
19281,italian
36102,southern_us
27288,jamaican
19044,cajun_creole
22407,moroccan
9486,mexican
13706,brazilian
7570,korean
10364,russian
29513,cajun_creole
21802,mexican
41531,korean
42914,brazilian
892,brazilian
8671,filipino
45725,greek
34657,jamaican
44732,jamaican
11290,greek
523,moroccan
35574,brazilian
33742,vietnamese
42054,jamaican
23679,russian
31989,moroccan
34573,brazilian
20152,southern_us
41724,british
647,filipino
36363,moroccan
24532,brazilian
18462,chinese
14180,moroccan
30953,moroccan
47991,filipino
30996,indian
7321,chinese
6603,spanish
8389,cajun_creole
34151,spanish
10283,thai
42920,spanish
38626,russian
37366,mexican
6447,russian
23663,spanish
8612,italian
28182,russian
9631,jamaican
44986,thai
2914,japanese
3039,vietnamese
46283,korean
6929,brazilian
46575,greek
2324,cajun_creole
13305,british
10349,russian
39987,jamaican
29620,mexican
40914,korean
23044,greek
4439,greek
32722,korean
43339,mexican
38286,jamaican
11936,french
15277,russian
36334,korean
37230,cajun_creole
32972,moroccan
16014,russian
2841,vietnamese
19332,filipino
5112,mexican
32191,moroccan
7479,korean
28694,italian
31017,russian
31426,cajun_creole
21171,mexican
9648,brazilian
1165,french
1993,moroccan
46782,russian
17571,vietnamese
31081,russian
19511,jamaican
40289,jamaican
574,mexican
44019,mexican
16394,russian
32645,cajun_creole
33726,british
38924,spanish
20312,korean
25182,filipino
22790,spanish
20588,italian
32825,mexican
41206,brazilian
40113,southern_us
29687,filipino
648,filipino
6172,korean
40570,chinese
1972,brazilian
36271,jamaican
24149,greek
30874,korean
32465,italian
15644,spanish
22302,mexican
46103,cajun_creole
10791,chinese
3905,jamaican
19363,irish
46984,japanese
14717,cajun_creole
32964,brazilian
769,jamaican
24434,french
32719,greek
41459,korean
30669,japanese
40543,mexican
8116,moroccan
14045,spanish
49072,southern_us
24767,brazilian
39418,jamaican
15941,mexican
11912,brazilian
3451,jamaican
18952,cajun_creole
33807,southern_us
6466,italian
19964,korean
38996,jamaican
32276,russian
14885,italian
41461,russian
38928,vietnamese
26029,russian
10100,japanese
17056,russian
46051,spanish
30975,brazilian
29702,brazilian
31807,russian
14920,irish
20056,korean
21616,vietnamese
34492,russian
41867,jamaican
1258,jamaican
14574,british
13495,british
17591,russian
21746,brazilian
9003,russian
46347,korean
4905,brazilian
37705,russian
21601,japanese
46656,cajun_creole
39444,jamaican
17173,russian
29488,thai
18667,greek
4343,korean
13481,cajun_creole
14287,korean
31680,mexican
14753,indian
47324,russian
23176,french
8378,jamaican
13250,cajun_creole
21549,cajun_creole
47040,brazilian
21768,brazilian
46808,southern_us
5595,greek
28613,moroccan
18055,jamaican
15388,moroccan
26790,cajun_creole
42092,filipino
44754,russian
47566,brazilian
16493,moroccan
20456,cajun_creole
19692,mexican
10262,brazilian
888,russian
30568,chinese
46422,cajun_creole
31434,jamaican
35207,chinese
17950,mexican
23639,filipino
17195,thai
25009,russian
29412,spanish
39930,chinese
29595,mexican
13620,greek
41861,jamaican
178,thai
12474,korean
45705,jamaican
9756,brazilian
46270,brazilian
2026,cajun_creole
17696,southern_us
14921,greek
32914,greek
44454,moroccan
41139,vietnamese
873,jamaican
28586,spanish
8524,japanese
39946,korean
19776,russian
45515,moroccan
17273,vietnamese
19727,greek
21295,russian
49331,jamaican
36866,mexican
38454,jamaican
46876,jamaican
33814,vietnamese
5120,italian
32741,russian
18358,brazilian
37797,southern_us
9528,italian
4344,french
8582,chinese
14049,greek
26730,spanish
39483,indian
609,jamaican
20285,korean
42757,irish
31095,korean
29345,brazilian
6053,cajun_creole
35053,moroccan
41763,mexican
5133,korean
17234,southern_us
4714,brazilian
11012,korean
30301,jamaican
48867,brazilian
39827,chinese
48679,greek
20812,moroccan
7279,spanish
5452,korean
18966,russian
893,greek
37856,korean
22073,korean
25120,jamaican
3343,russian
41914,mexican
35342,korean
42812,vietnamese
852,indian
8057,korean
16486,mexican
32785,greek
35286,korean
752,japanese
10725,mexican
2122,brazilian
6530,korean
24192,filipino
41118,mexican
40823,moroccan
30397,irish
21841,jamaican
9767,jamaican
16433,brazilian
32308,chinese
5217,cajun_creole
49696,russian
5852,mexican
43663,jamaican
7491,cajun_creole
9800,brazilian
39509,russian
20759,spanish
12948,moroccan
11825,moroccan
6817,filipino
19342,greek
4736,cajun_creole
23500,brazilian
23369,italian
14097,jamaican
39012,brazilian
4194,moroccan
46567,spanish
22307,filipino
3773,russian
44194,filipino
31276,russian
18253,jamaican
31236,jamaican
32574,french
12142,irish
42152,russian
29592,spanish
30777,indian
24850,korean
43308,mexican
47087,southern_us
8860,brazilian
49409,jamaican
7771,mexican
8270,italian
31304,british
30795,cajun_creole
4858,jamaican
43652,russian
24739,british
38198,irish
37962,mexican
46219,filipino
36547,korean
7883,spanish
9560,vietnamese
37346,southern_us
1557,brazilian
37353,jamaican
15156,thai
22454,spanish
46157,moroccan
35816,russian
15078,chinese
9750,french
36595,cajun_creole
8027,cajun_creole
20474,russian
28910,moroccan
44434,greek
42147,jamaican
276,russian
31485,chinese
28296,french
34207,moroccan
22456,japanese
8981,mexican
21832,cajun_creole
48686,cajun_creole
18748,russian
10596,greek
29090,japanese
11549,jamaican
46068,indian
44848,cajun_creole
3147,spanish
26961,filipino
30978,korean
41995,brazilian
15217,jamaican
7002,greek
23730,mexican
5916,korean
3326,brazilian
12728,jamaican
34401,southern_us
34071,vietnamese
27820,cajun_creole
14400,vietnamese
8347,russian
37300,moroccan
45085,jamaican
1,spanish
27567,moroccan
39587,brazilian
24988,greek
24671,korean
37894,jamaican
14344,french
45936,mexican
24636,brazilian
39925,filipino
22231,jamaican
41144,korean
37920,korean
27480,cajun_creole
14935,thai
30564,jamaican
18278,filipino
30292,korean
19386,korean
3176,jamaican
45586,jamaican
27443,moroccan
33082,irish
1175,british
13982,vietnamese
16139,korean
43014,spanish
14925,korean
46356,italian
26643,jamaican
39450,brazilian
13451,mexican
5485,jamaican
26231,greek
27847,italian
16883,brazilian
17176,greek
2292,spanish
39155,irish
44179,japanese
17404,brazilian
45494,japanese
16583,filipino
25255,vietnamese
19683,moroccan
23567,brazilian
15713,russian
44657,filipino
10464,cajun_creole
42561,filipino
35428,spanish
36673,korean
11467,filipino
23336,spanish
34303,spanish
37523,moroccan
28404,spanish
35134,southern_us
44426,jamaican
13499,chinese
16501,russian
42010,mexican
2710,korean
30340,french
16509,korean
33027,brazilian
6859,moroccan
17352,french
23548,mexican
36774,jamaican
6139,cajun_creole
37915,brazilian
31166,jamaican
41279,spanish
12444,thai
47435,greek
30344,brazilian
30706,mexican
2180,greek
8807,cajun_creole
21810,chinese
21336,brazilian
45234,french
13351,russian
29297,moroccan
39288,brazilian
25725,filipino
15786,filipino
4310,cajun_creole
5817,chinese
49631,russian
38305,greek
18536,jamaican
29711,russian
44900,russian
12899,mexican
5810,jamaican
31368,korean
1375,irish
10123,cajun_creole
35346,southern_us
20116,spanish
30407,filipino
11270,spanish
23493,russian
39133,korean
5144,italian
10116,brazilian
28926,indian
27637,french
6666,irish
27161,indian
20515,cajun_creole
13400,moroccan
20693,mexican
42643,southern_us
26782,brazilian
40198,japanese
3374,russian
3709,vietnamese
38096,greek
15408,indian
29698,mexican
15487,moroccan
10705,cajun_creole
6182,spanish
48581,russian
8334,jamaican
12978,thai
29231,korean
25091,vietnamese
16272,russian
46076,cajun_creole
25008,japanese
23985,greek
3128,korean
5764,french
14793,spanish
19974,korean
11548,korean
13672,korean
17932,brazilian
22352,filipino
47813,indian
15524,jamaican
30804,spanish
20895,jamaican
24736,greek
43852,jamaican
13210,russian
5389,jamaican
1682,filipino
21516,cajun_creole
32348,spanish
21787,british
19251,russian
34632,brazilian
24991,korean
5921,indian
43396,russian
27782,filipino
9391,chinese
26357,jamaican
47862,spanish
48970,greek
33344,mexican
41492,filipino
6371,russian
17572,jamaican
49023,brazilian
32885,mexican
37676,russian
30341,brazilian
31470,japanese
32068,korean
16881,russian
16613,jamaican
28813,spanish
46471,greek
8094,greek
44943,cajun_creole
34680,british
3644,italian
15763,russian
25030,jamaican
17881,mexican
43673,irish
26218,vietnamese
23060,korean
26764,jamaican
34442,jamaican
48310,indian
29632,british
602,moroccan
9935,french
4007,moroccan
19998,russian
45129,thai
22300,thai
1494,british
22421,greek
35189,greek
17703,vietnamese
41718,korean
32837,french
38951,vietnamese
28391,brazilian
19002,jamaican
48087,moroccan
3373,jamaican
23222,jamaican
6081,jamaican
2391,jamaican
10258,moroccan
30995,filipino
5494,cajun_creole
32044,jamaican
19424,korean
26513,korean
18510,mexican
12805,korean
11790,brazilian
43180,indian
26649,mexican
7199,british
13014,jamaican
5787,russian
37763,greek
38743,brazilian
27733,korean
2971,vietnamese
39132,vietnamese
4947,filipino
37602,jamaican
42051,spanish
41839,vietnamese
30207,jamaican
15413,jamaican
26045,japanese
24151,moroccan
23519,korean
978,irish
4145,british
30574,japanese
27114,mexican
17034,russian
32169,indian
14115,mexican
3119,moroccan
43076,brazilian
7778,korean
27229,southern_us
17556,brazilian
2687,indian
11803,brazilian
36645,cajun_creole
40286,british
2017,italian
37441,mexican
48877,korean
5956,japanese
7650,jamaican
28703,italian
38674,mexican
11101,cajun_creole
29564,filipino
39023,southern_us
12378,brazilian
45193,filipino
16328,korean
2868,korean
38622,brazilian
6664,brazilian
42053,brazilian
48559,moroccan
30176,italian
27673,russian
32273,greek
44229,brazilian
8564,russian
3609,russian
37490,vietnamese
6284,jamaican
32443,jamaican
15636,cajun_creole
13882,russian
35323,cajun_creole
14284,irish
32098,jamaican
30347,indian
30551,greek
6853,russian
33227,brazilian
16545,jamaican
23956,greek
14260,spanish
39306,moroccan
39242,moroccan
29613,greek
30537,russian
34502,vietnamese
7516,greek
45055,russian
29061,korean
6595,mexican
13043,moroccan
25011,jamaican
21881,french
46770,french
49361,jamaican
14871,jamaican
14980,jamaican
36656,indian
1226,cajun_creole
30756,brazilian
40217,korean
40359,jamaican
41731,indian
36400,brazilian
6471,mexican
9723,brazilian
40752,spanish
48226,irish
20249,mexican
16646,korean
819,moroccan
42548,jamaican
26110,cajun_creole
28302,cajun_creole
19700,brazilian
15389,brazilian
21674,russian
23050,italian
35907,jamaican
30680,greek
24400,chinese
2605,southern_us
13786,filipino
14944,jamaican
19092,cajun_creole
39659,korean
5412,indian
49245,moroccan
17514,french
46595,brazilian
36802,jamaican
25460,russian
43184,jamaican
14157,spanish
3395,french
22201,russian
390,greek
40512,brazilian
32859,korean
39906,spanish
26126,korean
27953,brazilian
13464,italian
7854,korean
22855,greek
27344,brazilian
18614,filipino
2899,southern_us
26541,mexican
40349,cajun_creole
20938,russian
5257,korean
24451,jamaican
36077,jamaican
38044,greek
32345,korean
15660,irish
40970,spanish
6410,cajun_creole
4134,moroccan
32827,brazilian
11622,irish
45925,moroccan
49359,mexican
26440,greek
39482,russian
24485,thai
15457,filipino
33292,irish
7759,russian
43705,moroccan
13285,jamaican
43907,brazilian
33275,french
13248,greek
30444,indian
15268,vietnamese
17915,british
49173,moroccan
17325,cajun_creole
27940,indian
26468,jamaican
4393,filipino
20421,moroccan
905,moroccan
45593,korean
28814,irish
41291,spanish
36443,brazilian
33502,british
43116,cajun_creole
33890,jamaican
37215,brazilian
28844,irish
3132,vietnamese
22321,british
8565,jamaican
43655,korean
5344,irish
21632,spanish
4137,russian
29830,jamaican
30378,southern_us
21140,russian
25611,mexican
8830,russian
22959,jamaican
48205,moroccan
3142,cajun_creole
22529,italian
20909,british
35450,cajun_creole
6154,jamaican
33631,italian
10226,filipino
17570,spanish
49376,brazilian
22585,brazilian
34565,russian
11571,jamaican
15043,russian
11669,irish
7882,cajun_creole
12886,mexican
4468,jamaican
5129,indian
3426,spanish
40027,jamaican
46427,korean
34896,jamaican
32479,moroccan
21276,korean
36242,mexican
44193,jamaican
33026,irish
43168,moroccan
39194,korean
907,jamaican
21736,russian
14817,russian
37658,korean
33486,moroccan
11966,indian
41193,mexican
40881,vietnamese
49411,greek
41989,russian
11319,filipino
45300,greek
13646,russian
33473,brazilian
14713,russian
18047,korean
33683,greek
2430,filipino
6232,cajun_creole
1267,jamaican
22778,cajun_creole
19312,brazilian
34583,british
38630,spanish
15799,mexican
33190,moroccan
36748,moroccan
19903,british
42640,greek
44132,thai
23667,japanese
13791,korean
15818,southern_us
6060,moroccan
19502,jamaican
33343,vietnamese
36959,indian
16004,brazilian
18003,irish
3347,italian
9115,spanish
13831,thai
44556,korean
46327,mexican
14305,thai
41868,vietnamese
15600,vietnamese
14764,french
11987,russian
26232,vietnamese
39756,cajun_creole
22955,vietnamese
23702,irish
46392,jamaican
35483,brazilian
3017,filipino
29726,irish
3680,jamaican
15594,brazilian
41491,greek
412,russian
6249,british
38788,mexican
23817,irish
812,vietnamese
39200,jamaican
9346,brazilian
19675,korean
159,mexican
11892,russian
36518,jamaican
13739,vietnamese
30801,jamaican
49234,southern_us
11259,greek
36177,russian
32505,french
3036,russian
3325,russian
39597,filipino
41920,spanish
22543,russian
5667,spanish
19174,chinese
48193,mexican
31719,thai
25301,moroccan
18605,moroccan
38165,brazilian
46547,greek
13307,indian
11505,filipino
39318,mexican
13970,russian
49675,indian
42325,cajun_creole
42568,korean
36906,irish
9960,jamaican
11829,moroccan
7996,indian
35659,jamaican
28542,moroccan
40146,russian
38471,italian
47430,jamaican
9462,mexican
33445,greek
23105,greek
46207,chinese
26600,korean
43620,mexican
1374,moroccan
35329,russian
9714,italian
25623,jamaican
947,brazilian
7703,greek
45804,brazilian
45008,brazilian
1608,spanish
30736,jamaican
19372,irish
22602,british
2485,russian
39222,russian
33294,moroccan
23147,indian
40290,jamaican
16955,indian
30257,filipino
34627,jamaican
19217,filipino
17823,italian
34746,russian
21829,chinese
47573,filipino
38032,spanish
9862,irish
46461,russian
26090,korean
32887,cajun_creole
39811,brazilian
21020,irish
15356,korean
34224,brazilian
42698,brazilian
35578,spanish
26277,korean
44414,jamaican
46209,french
14485,french
20243,spanish
24771,korean
35533,korean
17361,mexican
23466,brazilian
45985,italian
38884,chinese
45480,korean
10612,spanish
814,russian
48432,korean
29942,russian
10484,spanish
36181,vietnamese
8181,greek
17063,moroccan
7160,southern_us
47063,moroccan
31156,korean
20597,italian
13442,mexican
45537,cajun_creole
26526,brazilian
28114,vietnamese
26540,spanish
36232,brazilian
3003,chinese
48369,cajun_creole
12599,filipino
4605,spanish
48008,brazilian
2722,irish
44320,jamaican
2966,jamaican
40845,korean
24417,cajun_creole
15441,vietnamese
6803,brazilian
1681,moroccan
31794,jamaican
10679,moroccan
31345,korean
49401,brazilian
46834,korean
10747,korean
27981,vietnamese
9307,korean
21970,british
37,brazilian
1019,chinese
19477,korean
14215,brazilian
39551,korean
23240,jamaican
30160,vietnamese
3746,russian
29119,cajun_creole
19354,brazilian
17874,british
24603,spanish
27836,moroccan
42584,brazilian
30213,jamaican
2127,jamaican
26812,mexican
37770,korean
20096,moroccan
48628,brazilian
19337,russian
8891,moroccan
25920,brazilian
10277,japanese
44015,jamaican
41299,greek
47115,british
11620,russian
47820,italian
363,filipino
27806,filipino
36472,russian
5262,spanish
34475,jamaican
16403,indian
7590,greek
5319,brazilian
3543,spanish
7540,jamaican
31338,brazilian
20219,greek
2506,korean
19082,spanish
39646,brazilian
14608,moroccan
40747,korean
11940,moroccan
7317,jamaican
46263,brazilian
1707,vietnamese
7174,jamaican
21357,french
36952,filipino
33891,russian
34933,indian
15666,filipino
10666,thai
19765,jamaican
5878,korean
45652,brazilian
11651,spanish
3042,chinese
9171,italian
11730,jamaican
30212,southern_us
30320,indian
33282,moroccan
9633,greek
38421,cajun_creole
8212,korean
4199,brazilian
33653,jamaican
3480,filipino
17310,cajun_creole
37692,brazilian
18365,jamaican
32446,moroccan
14701,greek
359,brazilian
41685,filipino
46724,jamaican
19546,jamaican
5446,moroccan
48674,french
38439,french
23974,jamaican
39311,mexican
33819,spanish
45603,filipino
27404,french
16720,vietnamese
17877,moroccan
29887,korean
15135,greek
31570,spanish
559,indian
11180,thai
11287,irish
30067,korean
3593,irish
17684,irish
26770,jamaican
45859,italian
12239,spanish
22984,brazilian
15681,greek
27890,korean
6800,cajun_creole
1774,brazilian
41488,russian
23279,filipino
21499,british
16208,mexican
35436,italian
24278,filipino
35779,russian
2584,mexican
23768,cajun_creole
23724,russian
38418,italian
25814,thai
21371,spanish
24875,filipino
41846,french
48047,jamaican
44501,filipino
42821,moroccan
36542,russian
33465,vietnamese
49636,jamaican
8480,korean
25125,cajun_creole
8721,brazilian
17468,moroccan
17969,vietnamese
47840,cajun_creole
14028,jamaican
26830,italian
5763,french
23603,chinese
33670,italian
19225,mexican
40163,russian
5071,vietnamese
18083,jamaican
43055,brazilian
7260,cajun_creole
6119,korean
33446,greek
40990,mexican
11131,thai
31867,jamaican
43748,japanese
42797,russian
10710,jamaican
38210,jamaican
3584,thai
642,korean
2049,thai
19021,moroccan
32387,jamaican
26901,filipino
42262,jamaican
22574,french
21185,cajun_creole
7971,spanish
21037,jamaican
26348,korean
27808,jamaican
6982,brazilian
35974,japanese
28157,jamaican
23041,russian
15418,greek
45516,jamaican
30889,brazilian
1003,jamaican
36337,jamaican
43467,russian
3751,korean
7760,moroccan
32531,korean
37756,filipino
31372,cajun_creole
42180,japanese
47372,jamaican
38352,british
45965,jamaican
7907,russian
46856,filipino
25015,french
35403,russian
25298,korean
38588,jamaican
1743,moroccan
35540,jamaican
6705,greek
15704,mexican
36987,cajun_creole
33217,korean
42545,italian
18500,vietnamese
80,korean
23360,jamaican
18632,russian
47596,korean
25248,mexican
26820,indian
4025,jamaican
22910,french
17479,jamaican
30259,french
7067,spanish
48070,italian
19791,russian
19834,korean
17090,filipino
22362,cajun_creole
4120,russian
3836,filipino
38506,russian
5704,chinese
17888,filipino
18738,vietnamese
35440,french
33229,indian
48407,greek
33966,jamaican
19625,filipino
9706,mexican
29611,russian
22083,indian
37224,jamaican
34556,moroccan
35676,cajun_creole
45794,korean
8745,jamaican
2533,mexican
12084,irish
44223,indian
25594,vietnamese
28393,jamaican
19186,russian
10761,spanish
16065,brazilian
23622,french
19799,british
46980,jamaican
43921,korean
28584,korean
20391,british
6375,jamaican
37005,southern_us
16777,filipino
26958,irish
8763,vietnamese
598,mexican
33613,korean
28445,moroccan
24077,moroccan
12109,moroccan
9099,brazilian
48112,moroccan
46444,mexican
44925,italian
35434,moroccan
21052,italian
33775,irish
43157,greek
26104,italian
2959,cajun_creole
46969,mexican
49109,greek
44283,filipino
44410,greek
22560,indian
24292,thai
4270,spanish
29399,brazilian
9794,cajun_creole
40552,jamaican
25804,jamaican
15046,korean
11192,chinese
7069,cajun_creole
13383,filipino
5597,jamaican
30362,greek
29990,french
45695,russian
5548,vietnamese
23671,jamaican
41271,filipino
10757,korean
16321,cajun_creole
28038,british
47231,korean
24412,indian
3300,korean
10137,brazilian
31415,jamaican
30418,korean
15453,jamaican
7459,brazilian
18573,japanese
23372,japanese
39395,jamaican
33409,irish
7123,cajun_creole
48273,brazilian
45998,spanish
45211,moroccan
35354,chinese
28660,cajun_creole
16712,korean
2980,moroccan
12819,french
18086,vietnamese
40295,korean
9125,french
38640,jamaican
2106,southern_us
33749,cajun_creole
2105,jamaican
18240,brazilian
48850,brazilian
2347,russian
30712,moroccan
28459,irish
4066,moroccan
9869,spanish
5688,greek
17340,irish
11147,spanish
41511,jamaican
28664,russian
29497,greek
10539,vietnamese
48448,chinese
3701,thai
40598,greek
31814,spanish
36137,vietnamese
37818,filipino
24467,jamaican
9154,spanish
35374,spanish
45918,russian
583,jamaican
595,mexican
33738,greek
30113,greek
13890,japanese
22771,moroccan
17473,moroccan
21092,spanish
605,brazilian
17049,korean
8307,korean
47472,cajun_creole
24359,cajun_creole
3796,korean
3626,jamaican
23163,korean
15019,vietnamese
3728,cajun_creole
39048,greek
24352,cajun_creole
541,korean
25504,japanese
29271,moroccan
42296,jamaican
10214,spanish
15830,french
26822,korean
14410,brazilian
36336,french
41397,jamaican
26780,moroccan
37191,mexican
34204,french
27603,mexican
15191,jamaican
37501,irish
3304,jamaican
43475,russian
40711,thai
9290,moroccan
45047,spanish
3422,brazilian
24628,southern_us
24196,jamaican
45460,greek
36991,russian
32065,thai
23462,jamaican
9998,jamaican
43560,jamaican
25892,russian
30616,korean
38142,cajun_creole
38851,cajun_creole
47818,brazilian
20087,filipino
5648,spanish
22484,jamaican
20274,spanish
21972,moroccan
41600,thai
41466,indian
9617,russian
2851,cajun_creole
11798,french
29120,korean
45917,southern_us
37061,jamaican
2022,jamaican
11188,mexican
29946,russian
28645,jamaican
34547,indian
6173,jamaican
3826,thai
23049,jamaican
44427,filipino
45845,moroccan
15848,british
45637,chinese
43433,brazilian
7334,irish
45888,korean
42430,greek
8931,brazilian
22518,spanish
25787,greek
36497,moroccan
31416,spanish
40107,jamaican
39887,jamaican
25087,russian
12608,korean
30170,jamaican
12199,jamaican
20320,jamaican
11044,italian
39969,cajun_creole
6377,russian
19399,vietnamese
30920,korean
5109,jamaican
43246,jamaican
40607,brazilian
14556,japanese
30122,moroccan
3872,jamaican
16282,cajun_creole
29549,jamaican
24940,thai
2668,moroccan
4259,russian
13311,russian
20423,brazilian
38835,cajun_creole
6749,brazilian
22054,russian
15472,french
14520,brazilian
39630,jamaican
34577,moroccan
18751,french
44166,filipino
42094,french
25035,cajun_creole
39682,italian
7919,brazilian
5913,filipino
5601,italian
12365,moroccan
38550,russian
6716,moroccan
15958,jamaican
16029,russian
41768,korean
46397,greek
29985,spanish
19471,jamaican
20048,cajun_creole
43399,moroccan
2612,vietnamese
43218,russian
14999,filipino
12627,thai
17631,irish
35096,russian
13736,jamaican
8614,cajun_creole
32755,thai
22038,moroccan
46324,indian
31888,brazilian
2111,cajun_creole
20695,korean
25333,indian
4077,irish
41648,moroccan
1216,vietnamese
30751,mexican
26242,korean
33156,greek
12732,jamaican
22206,jamaican
28304,jamaican
19741,cajun_creole
40733,greek
15619,russian
14413,jamaican
23276,brazilian
13203,brazilian
42463,french
38643,russian
16519,jamaican
39235,russian
34365,korean
11004,indian
12347,russian
39596,spanish
21427,brazilian
27296,filipino
33180,southern_us
7811,french
49333,moroccan
